stage,start,end,reports,calendar_days,severity,mean_per_day
HHS,2024-08-18,2024-09-05,12,19,720,37.9
HHS,2024-04-21,2024-05-02,10,12,1028,85.7
HHS,2024-05-20,2024-06-03,10,15,595,39.7
HHS,2024-11-25,2024-12-08,10,14,670,47.9
HHS,2025-03-19,2025-03-31,9,13,51,3.9
HHS,2024-05-06,2024-05-15,8,10,252,25.2
HHS,2024-10-14,2024-10-23,8,10,336,33.6
HHS,2024-11-04,2024-11-14,8,11,198,18.0
HHS,2025-05-07,2025-05-14,6,8,30,3.8
HHS,2024-02-05,2024-02-08,4,4,399,99.8
HHS,2024-03-04,2024-03-07,4,4,310,77.5
HHS,2024-06-17,2024-06-20,4,4,143,35.8
HHS,2024-07-07,2024-07-10,4,4,102,25.5
HHS,2024-07-29,2024-08-01,4,4,224,56.0
HHS,2024-10-07,2024-10-10,4,4,132,33.0
HHS,2025-04-07,2025-04-10,4,4,23,5.8
HHS,2025-10-21,2025-10-26,4,6,19,3.2
HHS,2024-02-12,2024-02-14,3,3,437,145.7
HHS,2024-02-19,2024-02-21,3,3,321,107.0
HHS,2024-02-27,2024-02-29,3,3,172,57.3
HHS,2024-06-10,2024-06-12,3,3,147,49.0
HHS,2024-08-06,2024-08-08,3,3,129,43.0
HHS,2024-08-12,2024-08-14,3,3,86,28.7
HHS,2024-09-09,2024-09-11,3,3,94,31.3
HHS,2024-09-23,2024-09-25,3,3,88,29.3
HHS,2024-09-30,2024-10-02,3,3,183,61.0
HHS,2024-10-28,2024-10-30,3,3,158,52.7
HHS,2024-11-18,2024-11-20,3,3,64,21.3
HHS,2024-12-10,2024-12-12,3,3,236,78.7
HHS,2024-12-16,2024-12-18,3,3,212,70.7
HHS,2024-12-24,2024-12-26,3,3,159,53.0
CBP,2025-02-24,2025-02-26,3,3,21,7.0
CBP,2025-03-30,2025-04-01,3,3,15,5.0
HHS,2025-10-09,2025-10-14,3,6,10,1.7
HHS,2025-11-25,2025-11-30,3,6,14,2.3
HHS,2025-12-15,2025-12-17,3,3,9,3.0
