date,discharge_effectiveness,z_score,rolling_mean
2023-07-25,0.018109187749667112,-2.0322088252453314,0.033152804994687875
2024-07-30,0.01551433389544688,-2.2377031418876014,0.02996338973626003
2024-08-27,0.015767230169050715,-2.1883921284969614,0.029631381748736252
2025-01-21,0.011421319796954314,-2.561906239670374,0.027544370172375553
2025-02-17,0.005924170616113744,-2.8070479873673038,0.028627839641791757
2025-02-18,0.003548895899053628,-2.8767146843665796,0.028128285220436384
2025-02-19,0.007515822784810127,-2.2191164090406743,0.027578323315929087
2025-11-23,0.0004210526315789474,-2.263158447589114,0.005053738158153287
2025-11-30,0.0,-2.465000689716216,0.004808916719537203
