year_month,reporting_days,first,last,intake,transfers,discharges,cbp_stock_mean,cbp_stock_max,hhs_stock_mean,hhs_stock_max,transfer_efficiency,discharge_effectiveness,backlog_accumulation,cbp_net_backlog,intake_per_day,transfers_per_day,discharges_per_day,pipeline_throughput,placement_completion,outcome_stability,discharges_mom_pct,hhs_stock_mom_pct
2023-01,8,2023-01-12,2023-01-31,247.0,276.0,1856.0,43.875,54.0,7369.625,7803.0,0.8726991581843334,0.032084282144830584,-1580.0,-29.0,30.875,34.5,232.0,7.51417004048583,6.72463768115942,52.47035441376221,,
2023-02,19,2023-02-01,2023-02-28,1886.0,2637.0,5183.0,171.31578947368422,314.0,7795.789473684211,7978.0,0.8698568405146286,0.03503218693018031,-2546.0,-751.0,99.26315789473684,138.78947368421052,272.7894736842105,2.7481442205726405,1.9654910883579826,76.6741708049171,179.25646551724137,5.782715859819332
2023-03,19,2023-03-01,2023-03-30,2479.0,3399.0,5375.0,245.10526315789474,313.0,7945.368421052632,8208.0,0.7523191721975162,0.0356129610416695,-1976.0,-920.0,130.47368421052633,178.89473684210526,282.89473684210526,2.1682129891085116,1.5813474551338629,82.45728701942406,3.7044182905653145,1.9187145557655993
2023-04,21,2023-04-02,2023-04-30,3129.0,3967.0,5668.0,250.1904761904762,367.0,7842.666666666667,8352.0,0.77437634053894,0.0344352888209864,-1701.0,-838.0,149.0,188.9047619047619,269.9047619047619,1.8114413550655162,1.4287874968490042,83.83622426900126,5.451162790697683,-1.2925990205040483
2023-05,22,2023-05-01,2023-05-31,2746.0,3622.0,6256.0,216.95454545454547,412.0,8187.136363636364,8790.0,0.8473879236918809,0.034681348177039356,-2634.0,-876.0,124.81818181818181,164.63636363636363,284.3636363636364,2.2782228696285505,1.7272225289895085,79.32625992728562,10.374029640084693,4.392252171493927
2023-06,20,2023-06-01,2023-06-29,1774.0,2416.0,4029.0,145.65,259.0,6136.45,7002.0,0.8518819657290754,0.03270330824965513,-1613.0,-642.0,88.7,120.8,201.45,2.2711386696730553,1.6676324503311257,77.21339841544135,-35.597826086956516,-25.04766346319337
2023-07,21,2023-07-02,2023-07-31,2858.0,3897.0,4407.0,245.28571428571428,314.0,6828.0952380952385,7800.0,0.7854057808622886,0.03079182725311562,-510.0,-1039.0,136.0952380952381,185.57142857142858,209.85714285714286,1.5419874037788663,1.1308698999230178,74.64936002636222,9.381980640357401,11.271097101666893
2023-08,20,2023-08-01,2023-08-31,2751.0,3587.0,6470.0,237.2,367.0,9347.9,10280.0,0.7746908664807071,0.03439921095330794,-2883.0,-836.0,137.55,179.35,323.5,2.351872046528535,1.8037357122943964,74.37918250119728,46.81189017472202,36.903480019527144
2023-09,19,2023-09-04,2023-09-28,3194.0,3971.0,6546.0,291.05263157894734,412.0,10701.315789473685,11095.0,0.7447806789131056,0.032164033173357344,-2575.0,-777.0,168.10526315789474,209.0,344.5263157894737,2.0494677520350657,1.6484512717199697,82.66642336654876,1.174652241112839,14.478286989309751
2023-10,22,2023-10-01,2023-10-31,1486.0,2049.0,7658.0,102.9090909090909,196.0,10205.318181818182,11130.0,0.9263402393593947,0.03430588053617629,-5609.0,-563.0,67.54545454545455,93.13636363636364,348.09090909090907,5.15343203230148,3.73743289409468,78.56277919798913,16.987473266116716,-4.6349216994735265
2023-11,20,2023-11-01,2023-11-30,2299.0,3198.0,5992.0,183.5,246.0,9726.1,10536.0,0.8844411850935063,0.030898978516023447,-2794.0,-899.0,114.95,159.9,299.6,2.606350587211831,1.8736710444027518,80.6444370537515,-21.755027422303474,-4.695769139976036
2023-12,19,2023-12-03,2023-12-28,2207.0,3105.0,6804.0,186.6315789473684,246.0,11068.631578947368,11516.0,0.8915170369405331,0.03235318762458537,-3699.0,-898.0,116.15789473684211,163.42105263157896,358.10526315789474,3.082917988219302,2.1913043478260867,80.06152109815075,13.551401869158886,13.803390659641245
2024-01,22,2024-01-01,2024-01-31,2097.0,2850.0,6496.0,170.5909090909091,477.0,8851.045454545454,10870.0,0.814465243742355,0.03348630666062703,-3646.0,-753.0,95.31818181818181,129.54545454545453,295.27272727272725,3.0977587029089175,2.279298245614035,74.68364251575916,-4.526748971193417,-20.03487159713385
2024-02,20,2024-02-01,2024-02-29,4517.0,6332.0,5273.0,441.6,531.0,8325.2,8724.0,0.7284019329912156,0.031744989247100355,1059.0,-1815.0,225.85,316.6,263.65,1.1673677219393404,0.8327542640555906,76.24753622098613,-18.826970443349754,-5.9410547290253195
2024-03,21,2024-03-03,2024-03-31,3377.0,5209.0,5678.0,321.1904761904762,509.0,8382.666666666666,8902.0,0.7945428030145111,0.032396029232177846,-469.0,-1832.0,160.8095238095238,248.04761904761904,270.3809523809524,1.6813740005922417,1.0900364753311576,76.20490734947616,7.680637208420249,0.6902737071381448
2024-04,22,2024-04-01,2024-04-30,3424.0,5178.0,4474.0,309.1818181818182,443.0,7027.136363636364,7431.0,0.7768550913136294,0.02909243806759704,704.0,-1754.0,155.63636363636363,235.36363636363637,203.36363636363637,1.3066588785046729,0.8640401699497876,72.89849212340013,-21.204649524480445,-16.170633486125762
2024-05,21,2024-05-01,2024-05-30,3493.0,5194.0,4336.0,345.76190476190476,462.0,7490.285714285715,7589.0,0.7369174119488433,0.027568440517611294,858.0,-1701.0,166.33333333333334,247.33333333333334,206.47619047619048,1.2413398225021472,0.8348093954562957,75.63614876569444,-3.084488153777376,6.590868978237419
2024-06,21,2024-06-02,2024-06-30,3376.0,4882.0,4911.0,283.95238095238096,356.0,7407.523809523809,7741.0,0.8358188686531379,0.03162067517488486,-29.0,-1506.0,160.76190476190476,232.47619047619048,233.85714285714286,1.4546800947867298,1.0059401884473576,80.8074420510438,13.261070110701102,-1.1049232021157707
2024-07,21,2024-07-01,2024-07-31,2563.0,3679.0,3899.0,212.42857142857142,290.0,6286.333333333333,6825.0,0.8539916337270819,0.02959421690379866,-220.0,-1116.0,122.04761904761905,175.1904761904762,185.66666666666666,1.5212641435817402,1.0597988583854308,77.48893879997898,-20.60680105884749,-15.135833579758028
2024-08,19,2024-08-01,2024-08-29,2656.0,3546.0,3073.0,254.47368421052633,307.0,6004.263157894737,6250.0,0.738490039996008,0.026986931526031127,473.0,-890.0,139.78947368421052,186.6315789473684,161.73684210526315,1.1570030120481927,0.8666102650874224,77.6410695359685,-21.184919210053867,-4.48703815852266
2024-09,22,2024-09-02,2024-09-30,2783.0,3987.0,3692.0,239.22727272727272,304.0,6213.409090909091,6448.0,0.7706977610071711,0.027029271751451287,295.0,-1204.0,126.5,181.22727272727272,167.8181818181818,1.3266259432267338,0.926009530975671,76.12347957777237,20.14318255776115,3.4832905806161607
2024-10,21,2024-10-01,2024-10-31,2736.0,3886.0,3194.0,243.42857142857142,314.0,6032.857142857143,6149.0,0.7881504474066985,0.025220534759558797,692.0,-1150.0,130.28571428571428,185.04761904761904,152.0952380952381,1.1673976608187135,0.8219248584662893,79.7410225090123,-13.488624052004338,-2.905843562048982
2024-11,19,2024-11-03,2024-11-28,2664.0,3414.0,3001.0,236.73684210526315,367.0,5914.684210526316,6086.0,0.7784508051102009,0.026738260243988843,413.0,-750.0,140.21052631578948,179.68421052631578,157.94736842105263,1.1265015015015014,0.8790275336848272,79.72326361601034,-6.042579837194739,-1.958821989855053
2024-12,22,2024-12-01,2024-12-30,3480.0,4395.0,3662.0,271.72727272727275,412.0,6418.681818181818,6707.0,0.7759142327679719,0.025889874288914014,733.0,-915.0,158.1818181818182,199.77272727272728,166.45454545454547,1.0522988505747126,0.8332195676905575,74.02387644394531,22.025991336221253,8.521124538796876
2025-01,22,2025-01-01,2025-01-30,1311.0,1750.0,3330.0,88.95454545454545,196.0,4991.090909090909,6405.0,0.9161441377615849,0.030515118143611478,-1580.0,-439.0,59.59090909090909,79.54545454545455,151.36363636363637,2.540045766590389,1.9028571428571428,73.16413754923522,-9.066084107045336,-22.24118517679218
2025-02,19,2025-02-02,2025-02-27,312.0,341.0,1160.0,22.68421052631579,54.0,2781.5263157894738,3483.0,0.9082462784546457,0.02058782813908535,-819.0,-29.0,16.42105263157895,17.94736842105263,61.05263157894737,3.717948717948718,3.401759530791789,37.19253584915182,-65.16516516516518,-44.27017326566571
2025-03,22,2025-03-02,2025-03-31,169.0,190.0,309.0,21.454545454545453,34.0,2164.4545454545455,2297.0,0.4289957571686951,0.006402668985647598,-119.0,-21.0,7.681818181818182,8.636363636363637,14.045454545454545,1.8284023668639053,1.6263157894736842,14.36923457127114,-73.36206896551725,-22.184646135903495
2025-04,23,2025-04-01,2025-04-30,189.0,230.0,203.0,24.869565217391305,40.0,2273.1304347826085,2309.0,0.4305770829353065,0.003878404299086946,27.0,-41.0,8.217391304347826,10.0,8.826086956521738,1.0740740740740742,0.8826086956521739,54.44851939282961,-34.3042071197411,5.0209365475605505
2025-05,18,2025-05-01,2025-05-29,217.0,252.0,205.0,32.833333333333336,62.0,2406.9444444444443,2506.0,0.4460045242486665,0.0047344222740096495,47.0,-35.0,12.055555555555555,14.0,11.38888888888889,0.9447004608294931,0.8134920634920635,62.01294469516713,0.9852216748768461,5.886772162928389
2025-06,17,2025-06-01,2025-06-30,123.0,138.0,281.0,19.058823529411764,28.0,2492.4117647058824,2528.0,0.44058480830313,0.0066518362458505105,-143.0,-15.0,7.235294117647059,8.117647058823529,16.529411764705884,2.2845528455284554,2.036231884057971,60.66587040199487,37.07317073170733,3.55086385390857
2025-07,21,2025-07-01,2025-07-31,70.0,88.0,396.0,13.952380952380953,21.0,2187.190476190476,2391.0,0.30544961574373336,0.008553166924894301,-308.0,-18.0,3.3333333333333335,4.190476190476191,18.857142857142858,5.6571428571428575,4.5,53.2003555131684,40.92526690391458,-12.246021818606845
2025-08,20,2025-08-03,2025-08-28,107.0,147.0,254.0,25.6,49.0,2001.3,2049.0,0.3108910589425175,0.006349301355779748,-107.0,-40.0,5.35,7.35,12.7,2.3738317757009346,1.727891156462585,62.41244953477758,-35.858585858585855,-8.49905292721691
2025-09,22,2025-09-01,2025-09-30,204.0,260.0,237.0,35.81818181818182,52.0,2082.2272727272725,2159.0,0.3434155488635737,0.005167966867024442,23.0,-56.0,9.272727272727273,11.818181818181818,10.772727272727273,1.161764705882353,0.9115384615384615,60.48877403169208,-6.69291338582677,4.043735208478116
2025-10,21,2025-10-01,2025-10-30,168.0,263.0,242.0,34.333333333333336,55.0,2231.0476190476193,2287.0,0.39423879178533655,0.005174659649320786,21.0,-95.0,8.0,12.523809523809524,11.523809523809524,1.4404761904761905,0.9201520912547528,66.21388692043826,2.1097046413502074,7.1471711214993405
2025-11,19,2025-11-02,2025-11-30,129.0,182.0,159.0,34.78947368421053,57.0,2325.8947368421054,2415.0,0.2862173448126271,0.003613654823737509,23.0,-53.0,6.7894736842105265,9.578947368421053,8.368421052631579,1.2325581395348837,0.8736263736263736,44.81472745916418,-34.29752066115702,4.251236817391391
2025-12,15,2025-12-01,2025-12-21,116.0,124.0,144.0,36.2,54.0,2445.266666666667,2484.0,0.25630121575562786,0.003923013791907898,-20.0,-8.0,7.733333333333333,8.266666666666667,9.6,1.2413793103448276,1.1612903225806452,68.42161582652814,-9.433962264150942,5.132301472363032
